--------------------------------------------------------
--  Arquivo criado - segunda-feira-setembro-08-2025   
--------------------------------------------------------
--------------------------------------------------------
--  DDL for Table CURSOS
--------------------------------------------------------

  CREATE TABLE "DESAFIO"."CURSOS" 
   (	"ID" NUMBER GENERATED BY DEFAULT AS IDENTITY MINVALUE 1 MAXVALUE 9999999999999999999999999999 INCREMENT BY 1 START WITH 1 CACHE 20 NOORDER  NOCYCLE  NOKEEP  NOSCALE , 
	"FUNCIONARIO_ID" NUMBER, 
	"NOME" VARCHAR2(100 CHAR), 
	"INSTITUICAO" VARCHAR2(100 CHAR), 
	"DATA_CONCLUSAO" DATE
   ) SEGMENT CREATION IMMEDIATE 
  PCTFREE 10 PCTUSED 40 INITRANS 1 MAXTRANS 255 
 NOCOMPRESS LOGGING
  STORAGE(INITIAL 65536 NEXT 1048576 MINEXTENTS 1 MAXEXTENTS 2147483645
  PCTINCREASE 0 FREELISTS 1 FREELIST GROUPS 1
  BUFFER_POOL DEFAULT FLASH_CACHE DEFAULT CELL_FLASH_CACHE DEFAULT)
  TABLESPACE "USERS" ;
--------------------------------------------------------
--  DDL for Table DOCUMENTOS
--------------------------------------------------------

  CREATE TABLE "DESAFIO"."DOCUMENTOS" 
   (	"ID" NUMBER GENERATED BY DEFAULT AS IDENTITY MINVALUE 1 MAXVALUE 9999999999999999999999999999 INCREMENT BY 1 START WITH 1 CACHE 20 NOORDER  NOCYCLE  NOKEEP  NOSCALE , 
	"FUNCIONARIO_ID" NUMBER, 
	"DOC_TIPO" VARCHAR2(20 CHAR), 
	"DOC_NUMERO" VARCHAR2(20 CHAR), 
	"DATA_EMISSAO" DATE, 
	"DATA_EXPIRA" DATE
   ) SEGMENT CREATION IMMEDIATE 
  PCTFREE 10 PCTUSED 40 INITRANS 1 MAXTRANS 255 
 NOCOMPRESS LOGGING
  STORAGE(INITIAL 65536 NEXT 1048576 MINEXTENTS 1 MAXEXTENTS 2147483645
  PCTINCREASE 0 FREELISTS 1 FREELIST GROUPS 1
  BUFFER_POOL DEFAULT FLASH_CACHE DEFAULT CELL_FLASH_CACHE DEFAULT)
  TABLESPACE "USERS" ;
--------------------------------------------------------
--  DDL for Table ENDERECO
--------------------------------------------------------

  CREATE TABLE "DESAFIO"."ENDERECO" 
   (	"ID" NUMBER GENERATED BY DEFAULT AS IDENTITY MINVALUE 1 MAXVALUE 9999999999999999999999999999 INCREMENT BY 1 START WITH 1 CACHE 20 NOORDER  NOCYCLE  NOKEEP  NOSCALE , 
	"FUNCIONARIO_ID" NUMBER, 
	"RUA" VARCHAR2(150 CHAR), 
	"CIDADE" VARCHAR2(100 CHAR), 
	"ESTADO" VARCHAR2(50 CHAR), 
	"CEP" VARCHAR2(20 CHAR)
   ) SEGMENT CREATION IMMEDIATE 
  PCTFREE 10 PCTUSED 40 INITRANS 1 MAXTRANS 255 
 NOCOMPRESS LOGGING
  STORAGE(INITIAL 65536 NEXT 1048576 MINEXTENTS 1 MAXEXTENTS 2147483645
  PCTINCREASE 0 FREELISTS 1 FREELIST GROUPS 1
  BUFFER_POOL DEFAULT FLASH_CACHE DEFAULT CELL_FLASH_CACHE DEFAULT)
  TABLESPACE "USERS" ;
--------------------------------------------------------
--  DDL for Table FUNCIONARIO
--------------------------------------------------------

  CREATE TABLE "DESAFIO"."FUNCIONARIO" 
   (	"ID" NUMBER GENERATED BY DEFAULT AS IDENTITY MINVALUE 1 MAXVALUE 9999999999999999999999999999 INCREMENT BY 1 START WITH 1 CACHE 20 NOORDER  NOCYCLE  NOKEEP  NOSCALE , 
	"NOME_COMPLETO" VARCHAR2(100 CHAR), 
	"POSICAO" VARCHAR2(50 CHAR), 
	"ANIVERSARIO" DATE, 
	"TELEFONE" VARCHAR2(20 CHAR), 
	"EMAIL" VARCHAR2(200 CHAR), 
	"SALARIO" NUMBER(12,2)
   ) SEGMENT CREATION IMMEDIATE 
  PCTFREE 10 PCTUSED 40 INITRANS 1 MAXTRANS 255 
 NOCOMPRESS LOGGING
  STORAGE(INITIAL 65536 NEXT 1048576 MINEXTENTS 1 MAXEXTENTS 2147483645
  PCTINCREASE 0 FREELISTS 1 FREELIST GROUPS 1
  BUFFER_POOL DEFAULT FLASH_CACHE DEFAULT CELL_FLASH_CACHE DEFAULT)
  TABLESPACE "USERS" ;
REM INSERTING into DESAFIO.CURSOS
SET DEFINE OFF;
Insert into DESAFIO.CURSOS (ID,FUNCIONARIO_ID,NOME,INSTITUICAO,DATA_CONCLUSAO) values ('2','1','C# ASP.NET Core','Udemy',to_date('10/09/25','DD/MM/RR'));
Insert into DESAFIO.CURSOS (ID,FUNCIONARIO_ID,NOME,INSTITUICAO,DATA_CONCLUSAO) values ('5','2','ASP.NET Core','Alura',to_date('01/12/23','DD/MM/RR'));
Insert into DESAFIO.CURSOS (ID,FUNCIONARIO_ID,NOME,INSTITUICAO,DATA_CONCLUSAO) values ('6','3','Redes de Computadores','Udemy',to_date('15/06/22','DD/MM/RR'));
Insert into DESAFIO.CURSOS (ID,FUNCIONARIO_ID,NOME,INSTITUICAO,DATA_CONCLUSAO) values ('7','2','ASP.NET Core','Alura',to_date('01/12/23','DD/MM/RR'));
Insert into DESAFIO.CURSOS (ID,FUNCIONARIO_ID,NOME,INSTITUICAO,DATA_CONCLUSAO) values ('8','3','Redes de Computadores','Udemy',to_date('15/06/22','DD/MM/RR'));
REM INSERTING into DESAFIO.DOCUMENTOS
SET DEFINE OFF;
Insert into DESAFIO.DOCUMENTOS (ID,FUNCIONARIO_ID,DOC_TIPO,DOC_NUMERO,DATA_EMISSAO,DATA_EXPIRA) values ('3','2','CPF','12345678900',to_date('01/01/10','DD/MM/RR'),null);
Insert into DESAFIO.DOCUMENTOS (ID,FUNCIONARIO_ID,DOC_TIPO,DOC_NUMERO,DATA_EMISSAO,DATA_EXPIRA) values ('4','3','CNH','98765432100',to_date('20/05/15','DD/MM/RR'),to_date('20/05/30','DD/MM/RR'));
REM INSERTING into DESAFIO.ENDERECO
SET DEFINE OFF;
Insert into DESAFIO.ENDERECO (ID,FUNCIONARIO_ID,RUA,CIDADE,ESTADO,CEP) values ('7','2','Av Paulista, 1000','São Paulo','SP','01311-000');
Insert into DESAFIO.ENDERECO (ID,FUNCIONARIO_ID,RUA,CIDADE,ESTADO,CEP) values ('8','3','Rua das Flores, 55','Rio de Janeiro','RJ','22000-000');
Insert into DESAFIO.ENDERECO (ID,FUNCIONARIO_ID,RUA,CIDADE,ESTADO,CEP) values ('9','2','Av Paulista, 1000','São Paulo','SP','01311-000');
Insert into DESAFIO.ENDERECO (ID,FUNCIONARIO_ID,RUA,CIDADE,ESTADO,CEP) values ('10','3','Rua das Flores, 55','Rio de Janeiro','RJ','22000-000');
REM INSERTING into DESAFIO.FUNCIONARIO
SET DEFINE OFF;
Insert into DESAFIO.FUNCIONARIO (ID,NOME_COMPLETO,POSICAO,ANIVERSARIO,TELEFONE,EMAIL,SALARIO) values ('1','MATHEUS HENRIQUE','TECNICO',to_date('19/11/96','DD/MM/RR'),'81997091436','MATHEUS@GMAIL.COM','3000');
Insert into DESAFIO.FUNCIONARIO (ID,NOME_COMPLETO,POSICAO,ANIVERSARIO,TELEFONE,EMAIL,SALARIO) values ('2','João Silva','Analista de Sistemas',to_date('12/05/90','DD/MM/RR'),'48988887777','joao@email.com','4500');
Insert into DESAFIO.FUNCIONARIO (ID,NOME_COMPLETO,POSICAO,ANIVERSARIO,TELEFONE,EMAIL,SALARIO) values ('3','Maria Souza','Técnica de Suporte',to_date('25/10/88','DD/MM/RR'),'48977776666','maria@email.com','3800');
--------------------------------------------------------
--  DDL for Index UIDX_DOC_NUMERO_UNIQUE
--------------------------------------------------------

  CREATE UNIQUE INDEX "DESAFIO"."UIDX_DOC_NUMERO_UNIQUE" ON "DESAFIO"."DOCUMENTOS" ("DOC_NUMERO") 
  PCTFREE 10 INITRANS 2 MAXTRANS 255 COMPUTE STATISTICS 
  STORAGE(INITIAL 65536 NEXT 1048576 MINEXTENTS 1 MAXEXTENTS 2147483645
  PCTINCREASE 0 FREELISTS 1 FREELIST GROUPS 1
  BUFFER_POOL DEFAULT FLASH_CACHE DEFAULT CELL_FLASH_CACHE DEFAULT)
  TABLESPACE "USERS" ;
--------------------------------------------------------
--  DDL for Index UIDX_FUNCIONARIO_EMAIL_CI
--------------------------------------------------------

  CREATE UNIQUE INDEX "DESAFIO"."UIDX_FUNCIONARIO_EMAIL_CI" ON "DESAFIO"."FUNCIONARIO" (LOWER("EMAIL")) 
  PCTFREE 10 INITRANS 2 MAXTRANS 255 COMPUTE STATISTICS 
  STORAGE(INITIAL 65536 NEXT 1048576 MINEXTENTS 1 MAXEXTENTS 2147483645
  PCTINCREASE 0 FREELISTS 1 FREELIST GROUPS 1
  BUFFER_POOL DEFAULT FLASH_CACHE DEFAULT CELL_FLASH_CACHE DEFAULT)
  TABLESPACE "USERS" ;
--------------------------------------------------------
--  DDL for Index UQ_DOC_EMP_TIPO
--------------------------------------------------------

  CREATE UNIQUE INDEX "DESAFIO"."UQ_DOC_EMP_TIPO" ON "DESAFIO"."DOCUMENTOS" ("FUNCIONARIO_ID", "DOC_TIPO") 
  PCTFREE 10 INITRANS 2 MAXTRANS 255 
  STORAGE(INITIAL 65536 NEXT 1048576 MINEXTENTS 1 MAXEXTENTS 2147483645
  PCTINCREASE 0 FREELISTS 1 FREELIST GROUPS 1
  BUFFER_POOL DEFAULT FLASH_CACHE DEFAULT CELL_FLASH_CACHE DEFAULT)
  TABLESPACE "USERS" ;
--------------------------------------------------------
--  Constraints for Table ENDERECO
--------------------------------------------------------

  ALTER TABLE "DESAFIO"."ENDERECO" MODIFY ("ID" NOT NULL ENABLE);
  ALTER TABLE "DESAFIO"."ENDERECO" MODIFY ("FUNCIONARIO_ID" NOT NULL ENABLE);
  ALTER TABLE "DESAFIO"."ENDERECO" ADD PRIMARY KEY ("ID")
  USING INDEX PCTFREE 10 INITRANS 2 MAXTRANS 255 
  STORAGE(INITIAL 65536 NEXT 1048576 MINEXTENTS 1 MAXEXTENTS 2147483645
  PCTINCREASE 0 FREELISTS 1 FREELIST GROUPS 1
  BUFFER_POOL DEFAULT FLASH_CACHE DEFAULT CELL_FLASH_CACHE DEFAULT)
  TABLESPACE "USERS"  ENABLE;
--------------------------------------------------------
--  Constraints for Table DOCUMENTOS
--------------------------------------------------------

  ALTER TABLE "DESAFIO"."DOCUMENTOS" MODIFY ("ID" NOT NULL ENABLE);
  ALTER TABLE "DESAFIO"."DOCUMENTOS" MODIFY ("FUNCIONARIO_ID" NOT NULL ENABLE);
  ALTER TABLE "DESAFIO"."DOCUMENTOS" MODIFY ("DOC_TIPO" NOT NULL ENABLE);
  ALTER TABLE "DESAFIO"."DOCUMENTOS" MODIFY ("DOC_NUMERO" NOT NULL ENABLE);
  ALTER TABLE "DESAFIO"."DOCUMENTOS" ADD PRIMARY KEY ("ID")
  USING INDEX PCTFREE 10 INITRANS 2 MAXTRANS 255 
  STORAGE(INITIAL 65536 NEXT 1048576 MINEXTENTS 1 MAXEXTENTS 2147483645
  PCTINCREASE 0 FREELISTS 1 FREELIST GROUPS 1
  BUFFER_POOL DEFAULT FLASH_CACHE DEFAULT CELL_FLASH_CACHE DEFAULT)
  TABLESPACE "USERS"  ENABLE;
  ALTER TABLE "DESAFIO"."DOCUMENTOS" ADD CONSTRAINT "UQ_DOC_EMP_TIPO" UNIQUE ("FUNCIONARIO_ID", "DOC_TIPO")
  USING INDEX PCTFREE 10 INITRANS 2 MAXTRANS 255 
  STORAGE(INITIAL 65536 NEXT 1048576 MINEXTENTS 1 MAXEXTENTS 2147483645
  PCTINCREASE 0 FREELISTS 1 FREELIST GROUPS 1
  BUFFER_POOL DEFAULT FLASH_CACHE DEFAULT CELL_FLASH_CACHE DEFAULT)
  TABLESPACE "USERS"  ENABLE;
--------------------------------------------------------
--  Constraints for Table CURSOS
--------------------------------------------------------

  ALTER TABLE "DESAFIO"."CURSOS" MODIFY ("ID" NOT NULL ENABLE);
  ALTER TABLE "DESAFIO"."CURSOS" MODIFY ("FUNCIONARIO_ID" NOT NULL ENABLE);
  ALTER TABLE "DESAFIO"."CURSOS" MODIFY ("NOME" NOT NULL ENABLE);
  ALTER TABLE "DESAFIO"."CURSOS" ADD PRIMARY KEY ("ID")
  USING INDEX PCTFREE 10 INITRANS 2 MAXTRANS 255 
  STORAGE(INITIAL 65536 NEXT 1048576 MINEXTENTS 1 MAXEXTENTS 2147483645
  PCTINCREASE 0 FREELISTS 1 FREELIST GROUPS 1
  BUFFER_POOL DEFAULT FLASH_CACHE DEFAULT CELL_FLASH_CACHE DEFAULT)
  TABLESPACE "USERS"  ENABLE;
--------------------------------------------------------
--  Constraints for Table FUNCIONARIO
--------------------------------------------------------

  ALTER TABLE "DESAFIO"."FUNCIONARIO" MODIFY ("ID" NOT NULL ENABLE);
  ALTER TABLE "DESAFIO"."FUNCIONARIO" MODIFY ("NOME_COMPLETO" NOT NULL ENABLE);
  ALTER TABLE "DESAFIO"."FUNCIONARIO" MODIFY ("POSICAO" NOT NULL ENABLE);
  ALTER TABLE "DESAFIO"."FUNCIONARIO" ADD PRIMARY KEY ("ID")
  USING INDEX PCTFREE 10 INITRANS 2 MAXTRANS 255 
  STORAGE(INITIAL 65536 NEXT 1048576 MINEXTENTS 1 MAXEXTENTS 2147483645
  PCTINCREASE 0 FREELISTS 1 FREELIST GROUPS 1
  BUFFER_POOL DEFAULT FLASH_CACHE DEFAULT CELL_FLASH_CACHE DEFAULT)
  TABLESPACE "USERS"  ENABLE;
--------------------------------------------------------
--  Ref Constraints for Table CURSOS
--------------------------------------------------------

  ALTER TABLE "DESAFIO"."CURSOS" ADD CONSTRAINT "FK_CURSO_EMP" FOREIGN KEY ("FUNCIONARIO_ID")
	  REFERENCES "DESAFIO"."FUNCIONARIO" ("ID") ON DELETE CASCADE ENABLE;
--------------------------------------------------------
--  Ref Constraints for Table DOCUMENTOS
--------------------------------------------------------

  ALTER TABLE "DESAFIO"."DOCUMENTOS" ADD CONSTRAINT "FK_DOCUMENTOS_EMP" FOREIGN KEY ("FUNCIONARIO_ID")
	  REFERENCES "DESAFIO"."FUNCIONARIO" ("ID") ON DELETE CASCADE ENABLE;
--------------------------------------------------------
--  Ref Constraints for Table ENDERECO
--------------------------------------------------------

  ALTER TABLE "DESAFIO"."ENDERECO" ADD CONSTRAINT "FK_ENDERECO_EMP" FOREIGN KEY ("FUNCIONARIO_ID")
	  REFERENCES "DESAFIO"."FUNCIONARIO" ("ID") ON DELETE CASCADE ENABLE;
